850,1200 Sunrise Dr Round Rock TX 78664,755,4
895,1111 Sunrise Rd Round Rock TX 78664,860,0
945,1101 Georgetown St Round Rock TX 78664,863,4
949,2100 Willowbend Dr Round Rock TX 78664,719,4
975,1525 Palm Valley Blvd Round Rock TX 78664,925,4
978,700 Louis Henna Blvd Round Rock TX 78664,850,4
991,2501 Louis Henna Blvd Round Rock TX 78664,1002,4
995,1801 E Palm Valley Blvd Round Rock TX 78664,850,4
995,600 Greenhill Dr Round Rock TX 78665,886,4
1014,901 Hidden Valley Dr Round Rock TX 78665,1034,4
1018,300 S AW Grimes Blvd Round Rock TX 78664,970,4
1020,2001 Magnolia Dr Round Rock TX 78664,1068,0
1023,2800 La Frontera Blvd Round Rock TX 78681,1163,4
1033,1111 S Creek Dr Round Rock TX 78664,950,4
1039,1200 S Mays St Round Rock TX 78664,850,4
1050,101 E Bowman Dr Round Rock TX 78664,918,4
1050,1200 Sam Bass Cir Round Rock TX 78681,980,4
1056,1301 N AW Grimes Blvd Round Rock TX 78665,1164,4
1067,1301 N AW Grimes Blvd Round Rock TX 78665,1101,4
1069,20404 Poppy Hills Trl Round Rock TX 78664,868,4
1069,20404 Poppy Hills Trl Round Rock TX 78664,958,4
1078,2811 La Frontera Blvd Austin TX 78728,979,4
1085,2800 Sunrise Ranch Rd Round Rock TX 78665,1083,4
1099,941 Hesters Crossing Rd Round Rock TX 78681,1163,4
