RENT,SQUARE FEET,CITY,ADDRESS,URL,NAME
560, 828, Austin, 1515 Wickersham Austin TX 78741, https://www.apartmentfinder.com/Texas/Austin-Apartments/Ballpark-East-Apartments, Ballpark East, 
581, 894, Austin, 2704 Rio Grande St Austin TX 78705, https://www.apartmentfinder.com/Texas/Austin-Apartments/Rio-West-Student-Housing-Apartments-hmp6np0, Rio West - Student Housing, 
596, 1150, Austin, 1950 Webberville Rd Austin TX 78721, https://www.apartmentfinder.com/Texas/Austin-Apartments/Heritage-Pointe-Apartments, Heritage Pointe, 
610, 766, Austin, 1600 Wickersham Ln Austin TX 78741, https://www.apartmentfinder.com/Texas/Austin-Apartments/Ballpark-West-Apartments-7txwrrx, Ballpark West, 
635, 887, Austin, 2021-2025 Guadalupe St Austin TX 78705, https://www.apartmentfinder.com/Texas/Austin-Apartments/Dobie-Twenty21-Student-Spaces-Apartments-z8cctgy, Dobie Twenty21 Student Spaces, 
655, 765, Austin, 1109 S Pleasant Valley Rd Austin TX 78741, https://www.apartmentfinder.com/Texas/Austin-Apartments/Town-Lake-Apartments, Town Lake, 
661, 976, Austin, 1070 Mearns Meadow Blvd Austin TX 78758, https://www.apartmentfinder.com/Texas/Austin-Apartments/Arbors-Of-Austin-Apts-Apartments-wxz9gqj, Arbors of Austin Apts., 
680, 760, Austin, 4600 Elmont Dr Austin TX 78741, https://www.apartmentfinder.com/Texas/Austin-Apartments/Ballpark-North-Apartments-ccvrb1d, Ballpark North, 
733, , Austin, 1601 Montopolis Dr Austin TX 78741, https://www.apartmentfinder.com/Texas/Austin-Apartments/1601-Montopolis-Dr-Apartments-esfqstm, 1601 Montopolis Dr, 
735, 1005, Austin, 1301 Crossing Pl Austin TX 78741, https://www.apartmentfinder.com/Texas/Austin-Apartments/University-Village-At-Austin-Apartments, University Village at Austin, 
745, 787, Austin, 1300 Crossing Pl Austin TX 78741, https://www.apartmentfinder.com/Texas/Austin-Apartments/University-Estates-At-Austin-Apartments, University Estates at Austin, 
749, , Austin, 10401 N Lamar Blvd Austin TX 78753, https://www.apartmentfinder.com/Texas/Austin-Apartments/10401-N-Lamar-Blvd-Apartments-b00gnm8, 10401 N Lamar Blvd, 
750, 595, Austin, 1630 Rutland Dr Austin TX 78758, https://www.apartmentfinder.com/Texas/Austin-Apartments/Meadows-Edge-Apartments-cxrctqf, Meadows Edge, 
775, 372, Austin, 900 W 26th St Austin TX 78705, https://www.apartmentfinder.com/Texas/Austin-Apartments/Regents-West-At-26th-Apartments-jjke7m5, Regents West at 26th, 
775, 786, Lago Vista, 21465 Coyote Trl Lago Vista TX 78645, https://www.apartmentfinder.com/Texas/Lago-Vista-Apartments/21465-Coyote-Trl-Apartments-xs9t94n, 21465 Coyote Trl, 
776, , Austin, 12151 N Interstate 35 Austin TX 78753, https://www.apartmentfinder.com/Texas/Austin-Apartments/12151-N-Interstate-35-Apartments-16tyc54, 12151 N Interstate 35, 
778, , Austin, 1044 Norwood Park Blvd Austin TX 78753, https://www.apartmentfinder.com/Texas/Austin-Apartments/1044-Norwood-Park-Blvd-Apartments-7plxfny, 1044 Norwood Park Blvd, 
796, , Austin, 1705 Frontier Valley Dr Austin TX 78741, https://www.apartmentfinder.com/Texas/Austin-Apartments/1705-Frontier-Valley-Dr-Apartments-l0998bd, 1705 Frontier Valley Dr, 
799, 857, Austin, 8312 N Interstate 35 Austin TX 78753, https://www.apartmentfinder.com/Texas/Austin-Apartments/Woodland-Heights-Apartments, Woodland Heights, 
803, 1050, Austin, 6600 Ed Bluestein Blvd Austin TX 78723, https://www.apartmentfinder.com/Texas/Austin-Apartments/Sixty-600-Apartments-lb78b5e, Sixty 600, 
820, 975, Austin, 2906 E Martin Luther King Jr Blvd Austin TX 78702, https://www.apartmentfinder.com/Texas/Austin-Apartments/M-Station-Apartments, M Station, 
823, 1087, Austin, 8000 Decker Ln Austin TX 78724, https://www.apartmentfinder.com/Texas/Austin-Apartments/Eagles-Landing-Apartments, Eagles Landing, 
833, 976, Austin, 1833 Cheddar Loop Austin TX 78728, https://www.apartmentfinder.com/Texas/Austin-Apartments/Allegre-Point-Apartments, Allegre Point, 
833, , Austin, 12403 Mellow Meadow Dr Austin TX 78750, https://www.apartmentfinder.com/Texas/Austin-Apartments/12403-Mellow-Meadow-Dr-Apartments-b3xpmyb, 12403 Mellow Meadow Dr, 
850, 947, Austin, 11028 Jollyville Rd Austin TX 78759, https://www.apartmentfinder.com/Texas/Austin-Apartments/High-Oaks-Apartment-Homes-Apartments, High Oaks Apartment Homes, 
850, 812, Austin, 9435 Middle Fiskville Rd Austin TX 78753, https://www.apartmentfinder.com/Texas/Austin-Apartments/Colonial-Square-Apartments-nldh55p, Colonial Square Apartments, 
850, 860, Round Rock, 1501 Lawnmont Dr Round Rock TX 78664, https://www.apartmentfinder.com/Texas/Round-Rock-Apartments/Apple-Creek-Apartments, Apple Creek Apartments, 
850, 798, Taylor, 1213 Vance St Taylor TX 76574, https://www.apartmentfinder.com/Texas/Taylor-Apartments/Lakeview-Apartments-8b8cmp3, Lakeview Apartments, 
850, 823, Austin, 8202 Riverstone Dr Austin TX 78724, https://www.apartmentfinder.com/Texas/Austin-Apartments/8202-Riverstone-Dr-Apartments-v9lwfcf, 8202 Riverstone Dr, 
850, 860, Round Rock, 1111 Sunrise Rd Round Rock TX 78664, https://www.apartmentfinder.com/Texas/Round-Rock-Apartments/1111-Sunrise-Rd-Apartments-mx36f6k, 1111 Sunrise Rd, 
850, 750, Pflugerville, 1001 Nimbus Dr Pflugerville TX 78660, https://www.apartmentfinder.com/Texas/Pflugerville-Apartments/1825-Cottages-Apartments, 1825 Cottages, 
855, 762, Austin, 605 Masterson Pass Austin TX 78753, https://www.apartmentfinder.com/Texas/Austin-Apartments/Arrowhead-Park-Apartments, Arrowhead Park Apartments, 
859, 950, Austin, 9345 E State Highway 290 Austin TX 78724, https://www.apartmentfinder.com/Texas/Austin-Apartments/Rosemont-At-Hidden-Creek-Apartments, Rosemont at Hidden Creek, 
864, 793, Austin, 1200-1201 Broadmoor Dr Austin TX 78723, https://www.apartmentfinder.com/Texas/Austin-Apartments/The-Heritage-At-Hillcrest-Apartments-nc1lwcm, The Heritage at Hillcrest, 
865, 980, Austin, 7224 Northeast Dr Austin TX 78723, https://www.apartmentfinder.com/Texas/Austin-Apartments/Trails-At-Vintage-Creek-Apartments, Trails at Vintage Creek, 
865, 925, Austin, 502 W Longspur Blvd Austin TX 78753, https://www.apartmentfinder.com/Texas/Austin-Apartments/Club-Creek-Apartments, Club Creek, 
872, 836, Austin, 701 W Longspur Blvd W Austin TX 78753, https://www.apartmentfinder.com/Texas/Austin-Apartments/Longspur-Crossing-Apartments, Longspur Crossing, 
875, 960, Austin, 9601 Middle Fiskville Rd Austin TX 78753, https://www.apartmentfinder.com/Texas/Austin-Apartments/Mira-Vista-Apartments, Mira Vista Apartments, 
875, , Austin, 8408 N Interstate 35 Austin TX 78753, https://www.apartmentfinder.com/Texas/Austin-Apartments/8408-N-Interstate-35-Apartments-m2jzfrl, 8408 N Interstate 35, 
879, 900, Austin, 3543 Greystone Dr Austin TX 78731, https://www.apartmentfinder.com/Texas/Austin-Apartments/Westdale-Parke-Apartments, Westdale Parke, 
880, 928, Austin, 14745 Merrilltown Austin TX 78728, https://www.apartmentfinder.com/Texas/Austin-Apartments/The-Lodge-At-Merrilltown-Senior-Community-Apartments-pmxqf2s, The Lodge at Merrilltown (Senior Community), 
890, 950, Austin, 1601 Royal Crest Dr Austin TX 78741, https://www.apartmentfinder.com/Texas/Austin-Apartments/Solaris-Apartments, Solaris, 
894, 765, Austin, 8519 Cahill Dr Austin TX 78729, https://www.apartmentfinder.com/Texas/Austin-Apartments/Polo-Club-Apartments, Polo Club, 
895, 746, Austin, 13359 Pond Springs Rd Austin TX 78729, https://www.apartmentfinder.com/Texas/Austin-Apartments/Hidden-Timber-Apartments, Hidden Timber, 
895, 965, Austin, 8200-8220 Research Blvd Austin TX 78758, https://www.apartmentfinder.com/Texas/Austin-Apartments/Park-At-Crestview-Apartments, Park at Crestview, 
895, , Austin, 8805 North Plz Austin TX 78753, https://www.apartmentfinder.com/Texas/Austin-Apartments/8805-North-Plz-Apartments-xeyflln, 8805 North Plz, 
895, , Austin, 2401 Longview St Austin TX 78705, https://www.apartmentfinder.com/Texas/Austin-Apartments/2401-Longview-St-Apartments-wd8tv0k, 2401 Longview St, 
895, 1024, Georgetown, 2212 Katy Ln Georgetown TX 78626, https://www.apartmentfinder.com/Texas/Georgetown-Apartments/2212-Katy-Ln-Apartments-x9em5vn, 2212 Katy Ln, 
895, 1024, Georgetown, 2214 Katy Ln Georgetown TX 78626, https://www.apartmentfinder.com/Texas/Georgetown-Apartments/2214-Katy-Ln-Apartments-esxhv3q, 2214 Katy Ln, 
895, 3120, Austin, 501 Hardin Ct Austin TX 78753, https://www.apartmentfinder.com/Texas/Austin-Apartments/501-Hardin-Ct-Apartments-0x7jhq3, 501 Hardin Ct, 
895, 755, Round Rock, 1200 Sunrise Dr Round Rock TX 78664, https://www.apartmentfinder.com/Texas/Round-Rock-Apartments/Sunchase-Apartments, Sunchase, 
897, 820, Austin, 8900 N Interstate 35 Austin TX 78753, https://www.apartmentfinder.com/Texas/Austin-Apartments/Avesta-Capella-Apartments, Avesta Capella, 
899, 795, Austin, 1511 Faro Dr Austin TX 78741, https://www.apartmentfinder.com/Texas/Austin-Apartments/Wildcreek-Apartments, Wildcreek Apartments, 
899, 900, Austin, 12151 I-35 N Austin TX 78753, https://www.apartmentfinder.com/Texas/Austin-Apartments/Silver-Springs-Apartments, Silver Springs, 
899, 880, Austin, 2510 Leon St Austin TX 78705, https://www.apartmentfinder.com/Texas/Austin-Apartments/The-Block-On-Leon-Apartments, The Block on Leon, 
900, 782, Austin, 2104 E Anderson Ln Austin TX 78752, https://www.apartmentfinder.com/Texas/Austin-Apartments/Salado-At-Walnut-Creek-Apartments, Salado at Walnut Creek Apartments, 
900, , Austin, 8220 Research Blvd Austin TX 78758, https://www.apartmentfinder.com/Texas/Austin-Apartments/8220-Research-Blvd-Apartments-pj7lm5r, 8220 Research Blvd, 
900, , Austin, 615 E Wonsley Dr Austin TX 78753, https://www.apartmentfinder.com/Texas/Austin-Apartments/615-E-Wonsley-Dr-Apartments-qvd8ylz, 615 E Wonsley Dr, 
900, , Austin, 1911 Willow Creek Dr Austin TX 78741, https://www.apartmentfinder.com/Texas/Austin-Apartments/1911-Willow-Creek-Dr-Apartments-y175ekv, 1911 Willow Creek Dr, 
900, 1095, Austin, 4709 Harmon Ave Austin TX 78751, https://www.apartmentfinder.com/Texas/Austin-Apartments/Village-Of-47-Apartments, Village of 47, 
901, 931, Austin, 8701 W Parmer Ln Austin TX 78729, https://www.apartmentfinder.com/Texas/Austin-Apartments/The-Artisan-Luxury-Apartment-Homes-Apartments, The Artisan Luxury Apartment Homes, 
903, 950, Pflugerville, 16701 N Heatherwilde Blvd Pflugerville TX 78660, https://www.apartmentfinder.com/Texas/Pflugerville-Apartments/Rosemont-At-Heather-Bend-Apartments, Rosemont at Heather Bend, 
903, 746, Austin, 12300 Hymeadow Dr Austin TX 78750, https://www.apartmentfinder.com/Texas/Austin-Apartments/Chesapeake-Apartments, Chesapeake Apartments, 
903, 819, Austin, 11215 Research Blvd Austin TX 78759, https://www.apartmentfinder.com/Texas/Austin-Apartments/Balcones-Woods-Apartments, Balcones Woods, 
905, 1007, Austin, 6200 Loyola Ln Austin TX 78724, https://www.apartmentfinder.com/Texas/Austin-Apartments/Park-Place-At-Loyola-Apartments, Park Place At Loyola, 
905, 884, Austin, 400 W Anderson Ln Austin TX 78752, https://www.apartmentfinder.com/Texas/Austin-Apartments/Austin-Parke-Apartments, Austin Parke, 
905, 1012, Austin, 12435 Dessau Rd Austin TX 78754, https://www.apartmentfinder.com/Texas/Austin-Apartments/Harris-Branch-Apartments, Harris Branch Apartments, 
905, , Austin, 1715 Guadalupe St Austin TX 78701, https://www.apartmentfinder.com/Texas/Austin-Apartments/1715-Guadalupe-St-Apartments-nxfetpp, 1715 Guadalupe St, 
905, 882, Austin, 7117 Wood Hollow Dr Austin TX 78731, https://www.apartmentfinder.com/Texas/Austin-Apartments/Westdale-Pointe-Apartments-n3eb19q, Westdale Pointe, 
910, 817, Austin, 8800 N Interstate 35 Austin TX 78753, https://www.apartmentfinder.com/Texas/Austin-Apartments/Avesta-Solano-Apartments, Avesta Solano, 
915, 921, Austin, 9200 North Plz Austin TX 78753, https://www.apartmentfinder.com/Texas/Austin-Apartments/Park-At-Stone-Creek-Apartments, Park at Stone Creek, 
915, 800, Austin, 7401 N Lamar Blvd Austin TX 78752, https://www.apartmentfinder.com/Texas/Austin-Apartments/Joplin-At-Crestview-Apartments-4f6z98k, Joplin at Crestview, 
919, , Austin, 701 W Longspur Blvd Austin TX 78753, https://www.apartmentfinder.com/Texas/Austin-Apartments/701-W-Longspur-Blvd-Apartments-s016ez6, 701 W Longspur Blvd, 
920, 889, Cedar Park, 335 Cypress Creek Rd Cedar Park TX 78613, https://www.apartmentfinder.com/Texas/Cedar-Park-Apartments/Cypress-Gardens-Apartments, Cypress Gardens, 
925, 1150, Austin, 500 E Anderson Ln Austin TX 78752, https://www.apartmentfinder.com/Texas/Austin-Apartments/Towne-Oaks-I-Apartments-zjb88ww, Towne Oaks I Apartments, 
925, 1025, Austin, 615 Wonsley Dr E Austin TX 78753, https://www.apartmentfinder.com/Texas/Austin-Apartments/Towne-Oaks-II-Apartments, Towne Oaks II Apartments, 
925, 730, Austin, 7201 Wood Hollow Dr Austin TX 78731, https://www.apartmentfinder.com/Texas/Austin-Apartments/Avistar-At-Wood-Hollow-Apartments-v34pd3e, Avistar at Wood Hollow, 
925, 768, Georgetown, 600 Luther Dr Georgetown TX 78628, https://www.apartmentfinder.com/Texas/Georgetown-Apartments/Indian-Creek-Apartments, Indian Creek, 
925, , Austin, 12166 Metric Blvd Austin TX 78758, https://www.apartmentfinder.com/Texas/Austin-Apartments/12166-Metric-Blvd-Apartments-ven4r6e, 12166 Metric Blvd, 
925, , Austin, 10616 Mellow Mdws Austin TX 78750, https://www.apartmentfinder.com/Texas/Austin-Apartments/10616-Mellow-Mdws-Apartments-cfbes0g, 10616 Mellow Mdws, 
925, 1020, Austin, 8403 Colony Loop Dr Austin TX 78724, https://www.apartmentfinder.com/Texas/Austin-Apartments/8403-Colony-Loop-Dr-Apartments-vvjwlfe, 8403 Colony Loop Dr, 
928, 1062, Austin, 8801 N FM 620 Austin TX 78726, https://www.apartmentfinder.com/Texas/Austin-Apartments/Sonterra-Luxury-Apartment-Homes-Apartments, Sonterra Luxury Apartment Homes, 
928, 959, Round Rock, 300 S AW Grimes Blvd Round Rock TX 78664, https://www.apartmentfinder.com/Texas/Round-Rock-Apartments/Colonial-Grand-At-Ashton-Oaks-Apartments, Colonial Grand at Ashton Oaks Apartments, 
930, 1060, Austin, 7581 Chevy Chase Dr Austin TX 78752, https://www.apartmentfinder.com/Texas/Austin-Apartments/Chevy-Chase-Apartments, Chevy Chase Apartments, 
930, , Austin, 9600 Woodvale Dr Austin TX 78729, https://www.apartmentfinder.com/Texas/Austin-Apartments/9600-Woodvale-Dr-Apartments-6b2gdps, 9600 Woodvale Dr, 
932, 858, Austin, 6407 Springdale Rd Austin TX 78723, https://www.apartmentfinder.com/Texas/Austin-Apartments/Rare-Apartments-lcbhcge, Rare Apartments, 
935, 820, Austin, 10610 Morado Cir Austin TX 78759, https://www.apartmentfinder.com/Texas/Austin-Apartments/Great-Hills-Apartments, Great Hills, 
935, 884, Austin, 11282 Taylor Draper Ln Austin TX 78759, https://www.apartmentfinder.com/Texas/Austin-Apartments/Channings-Mark-Apartment-Homes-Apartments, Channings Mark Apartment Homes, 
940, 1062, Austin, 9801 W Parmer Ln Austin TX 78717, https://www.apartmentfinder.com/Texas/Austin-Apartments/Sycamore-Springs-Apartments, Sycamore Springs, 
940, 775, Austin, 3706 Goodwin Ave Austin TX 78721, https://www.apartmentfinder.com/Texas/Austin-Apartments/Goodwin-Apartments, Goodwin Apartments, 
940, , Austin, 1601 E Anderson Ln Austin TX 78752, https://www.apartmentfinder.com/Texas/Austin-Apartments/1601-E-Anderson-Ln-Apartments-h6khpx0, 1601 E Anderson Ln, 
940, , Austin, 406 E 30th St Austin TX 78705, https://www.apartmentfinder.com/Texas/Austin-Apartments/406-E-30th-St-Apartments-w22st4j, 406 E 30th St, 
943, , Austin, 9807 N FM 620 Austin TX 78726, https://www.apartmentfinder.com/Texas/Austin-Apartments/9807-N-Fm-620-Apartments-0e4w290, 9807 N FM 620, 
944, 820, Austin, 2501 W Pearl St Austin TX 78705, https://www.apartmentfinder.com/Texas/Austin-Apartments/The-Block-On-25th-West-Apartments, The Block on 25th - West, 
945, 860, Austin, 9971 Quail Blvd Austin TX 78758, https://www.apartmentfinder.com/Texas/Austin-Apartments/A-Country-Place-Apartments, A Country Place, 
945, 863, Round Rock, 1101 Georgetown St Round Rock TX 78664, https://www.apartmentfinder.com/Texas/Round-Rock-Apartments/Summerset-Apartments, Summerset, 
945, , Austin, 1715 Guadalupe St Austin TX 78701, https://www.apartmentfinder.com/Texas/Austin-Apartments/1715-Guadalupe-St-Apartments-w9mhr8j, 1715 Guadalupe St, 
946, , Austin, 2000 Woodward St Austin TX 78741, https://www.apartmentfinder.com/Texas/Austin-Apartments/2000-Woodward-St-Apartments-q95p5kx, 2000 Woodward St, 
949, 719, Round Rock, 2100 Willowbend Dr Round Rock TX 78664, https://www.apartmentfinder.com/Texas/Round-Rock-Apartments/Foxfire-Apartments, FoxFire Apartments, 
949, 750, Georgetown, 209 Luther Dr Georgetown TX 78628, https://www.apartmentfinder.com/Texas/Georgetown-Apartments/Georgetown-Park-Apartments, Georgetown Park, 
949, 830, Austin, 1910 Willow Creek Dr Austin TX 78741, https://www.apartmentfinder.com/Texas/Austin-Apartments/Point-South-And-Bridgehollow-Apartments, Point South and Bridgehollow, 
949, 1005, Austin, 8600 FM 620 N Austin TX 78726, https://www.apartmentfinder.com/Texas/Austin-Apartments/The-Verandah-At-Grandview-Hills-Apartments-zxd4nrw, The Verandah at Grandview Hills, 
950, 1040, Austin, 8225 N FM 620 Austin TX 78726, https://www.apartmentfinder.com/Texas/Austin-Apartments/Abelia-Flats-Apartments-cd7re9f, Abelia Flats, 
950, 861, Austin, 1915 Wells Branch Pky Austin TX 78728, https://www.apartmentfinder.com/Texas/Austin-Apartments/Park-At-Wells-Branch-Apartments, Park at Wells Branch Apartments, 
950, 800, Austin, 8005 Georgian Dr Austin TX 78753, https://www.apartmentfinder.com/Texas/Austin-Apartments/Georgian-Apartments-b2kl33b, Georgian Apartments, 
950, 815, Austin, 10300 Golden Meadow Dr Austin TX 78758, https://www.apartmentfinder.com/Texas/Austin-Apartments/Brook-Meadow-Village-Apartments, Brook Meadow Village, 
950, 840, Austin, 5500 Rose Hill Cir Austin TX 78745, https://www.apartmentfinder.com/Texas/Austin-Apartments/5500-Rose-Hill-Cir-Apartments-t41f7hc, 5500 Rose Hill Cir, 
950, 976, Austin, 7303 Twin Crest Dr Austin TX 78752, https://www.apartmentfinder.com/Texas/Austin-Apartments/7303-Twin-Crest-Dr-Apartments-1861g96, 7303 Twin Crest Dr, 
950, 825, Austin, 1101 Clayton Ln Austin TX 78723, https://www.apartmentfinder.com/Texas/Austin-Apartments/1101-Clayton-Ln-Apartments-w1mtc3l, 1101 Clayton Ln, 
950, 820, Austin, 8905 Parkfield Dr Austin TX 78758, https://www.apartmentfinder.com/Texas/Austin-Apartments/8905-Parkfield-Dr-Apartments-xvnyy0q, 8905 Parkfield Dr, 
950, 925, Austin, 11411 Research Blvd Austin TX 78759, https://www.apartmentfinder.com/Texas/Austin-Apartments/Wind-River-Crossing-Apartments, Wind River Crossing, 
950, 911, Austin, 11316 Jollyville Rd Austin TX 78759, https://www.apartmentfinder.com/Texas/Austin-Apartments/Canyon-Creek-Apartment-Homes-Apartments, Canyon Creek Apartment Homes, 
953, 900, Austin, 12342 Hunters Chase Dr Austin TX 78729, https://www.apartmentfinder.com/Texas/Austin-Apartments/Hunters-Chase-Apartments, Hunters Chase, 
955, 815, Cedar Park, 403 Buttercup Creek Blvd Cedar Park TX 78613, https://www.apartmentfinder.com/Texas/Cedar-Park-Apartments/Buttercup-Creek-Apartments, Buttercup Creek, 
960, 1069, Austin, 3501 Shoreline Dr Austin TX 78728, https://www.apartmentfinder.com/Texas/Austin-Apartments/The-Nine-On-Shoreline-Apartments-lzh5lcg, The Nine on Shoreline, 
960, 1014, Austin, 1901 E Anderson Ln Austin TX 78752, https://www.apartmentfinder.com/Texas/Austin-Apartments/Avesta-Agave-Falls-Apartments, Avesta Agave Falls, 
962, 871, Austin, 1831 Wells Branch Pky Austin TX 78728, https://www.apartmentfinder.com/Texas/Austin-Apartments/The-Arbors-Of-Wells-Branch-Apartments, The Arbors of Wells Branch Apartments, 
965, 878, Austin, 8805 N Plaza Dr Austin TX 78753, https://www.apartmentfinder.com/Texas/Austin-Apartments/Pebble-Creek-Apartments, Pebble Creek Apartments, 
965, 883, Austin, 11701 Metric Blvd Austin TX 78758, https://www.apartmentfinder.com/Texas/Austin-Apartments/Bradford-Pointe-Apartments, Bradford Pointe Apartments, 
967, 991, Taylor, 405 Sloan St Taylor TX 76574, https://www.apartmentfinder.com/Texas/Taylor-Apartments/Burnett-Place-Apartments, Burnett Place Apartments, 
969, 951, Austin, 12425 Mellow Meadow Dr Austin TX 78750, https://www.apartmentfinder.com/Texas/Austin-Apartments/Audubon-Square-Apartments, Audubon Square, 
969, 914, Austin, 2430 Cromwell Cir Austin TX 78741, https://www.apartmentfinder.com/Texas/Austin-Apartments/Lexington-Hills-Apartments, Lexington Hills, 
969, , Austin, 8600 N FM 620 Austin TX 78726, https://www.apartmentfinder.com/Texas/Austin-Apartments/8600-N-Fm-620-Apartments-yqg2hjs, 8600 N FM 620, 
970, 809, Austin, 2401 San Gabriel St Austin TX 78705, https://www.apartmentfinder.com/Texas/Austin-Apartments/Regents-At-West-24th-Apartments-5lvn5gm, Regents at West 24th, 
971, 800, Austin, 2005 Willow Creek Dr Austin TX 78741, https://www.apartmentfinder.com/Texas/Austin-Apartments/Avesta-South-Shore-Apartments-w4vdwvl, Avesta South Shore, 
974, 936, Austin, 2810 Hemphill Park Austin TX 78705, https://www.apartmentfinder.com/Texas/Austin-Apartments/Villas-On-Guadalupe-Apartments, Villas on Guadalupe, 
975, 980, Austin, 9300 Northgate Blvd Austin TX 78758, https://www.apartmentfinder.com/Texas/Austin-Apartments/Avalon-Palms-Apartments, Avalon Palms Apartments, 
975, 925, Round Rock, 1525 Palm Valley Blvd Round Rock TX 78664, https://www.apartmentfinder.com/Texas/Round-Rock-Apartments/The-Creek-Apartments, The Creek Apartments, 
975, 900, Austin, 1500 Reagan Hill Dr Austin TX 78752, https://www.apartmentfinder.com/Texas/Austin-Apartments/Las-Colinas-Apartments, Las Colinas, 
975, 793, Austin, 7610 Cameron Rd Austin TX 78752, https://www.apartmentfinder.com/Texas/Austin-Apartments/Wildwood-Apartments, Wildwood, 
975, 900, Austin, 6511 Melrose Trl Austin TX 78727, https://www.apartmentfinder.com/Texas/Austin-Apartments/Melrose-Place-Apartments, Melrose Place Apartments, 
975, 1002, Leander, 3000 N Lakeline Blvd Leander TX 78641, https://www.apartmentfinder.com/Texas/Leander-Apartments/Lakeline-Apartments, Lakeline Apartments, 
975, 874, Austin, 9219 Anderson Mill Rd Austin TX 78729, https://www.apartmentfinder.com/Texas/Austin-Apartments/Parkside-Apartments, Parkside Apartments, 
977, 1025, Austin, 9500 Jollyville Rd Austin TX 78759, https://www.apartmentfinder.com/Texas/Austin-Apartments/Evolvearboretum-Apartments-gkwm5rz, Evolve@Arboretum, 
978, 850, Round Rock, 700 Louis Henna Blvd Round Rock TX 78664, https://www.apartmentfinder.com/Texas/Round-Rock-Apartments/Madison-Dell-Ranch-Apartments-pdeqd2v, Madison Dell Ranch Apartments, 
978, 970, Austin, 9715 N FM 620 Austin TX 78726, https://www.apartmentfinder.com/Texas/Austin-Apartments/Colonial-Grand-At-Canyon-Pointe-Apartments, Colonial Grand at Canyon Pointe, 
978, 1013, Austin, 10910 N FM 620 Austin TX 78726, https://www.apartmentfinder.com/Texas/Austin-Apartments/Windy-Ridge-Apartments, Windy Ridge Apartments, 
979, 1027, Austin, 1773 Wells Branch Pky Austin TX 78728, https://www.apartmentfinder.com/Texas/Austin-Apartments/Preserve-Wells-Branch-Apartments-zb3cqvx, Preserve Wells Branch, 
979, 787, Austin, 1804 W Rundberg Ln Austin TX 78758, https://www.apartmentfinder.com/Texas/Austin-Apartments/Feliz-Apartments, Feliz, 
980, 1072, Austin, 6934 E Ben White Blvd Austin TX 78741, https://www.apartmentfinder.com/Texas/Austin-Apartments/The-Pointe-At-Ben-White-Apartments, The Pointe at Ben White, 
980, , Austin, 8001 W Highway 71 Austin TX 78735, https://www.apartmentfinder.com/Texas/Austin-Apartments/8001-W-Highway-71-Apartments-40jvc3k, 8001 W Highway 71, 
985, 850, Austin, 14100 Thermal Dr Austin TX 78728, https://www.apartmentfinder.com/Texas/Austin-Apartments/Churchill-Crossing-Apartments, Churchill Crossing Apartments, 
986, 900, Austin, 1088 Park Plaza Dr Austin TX 78753, https://www.apartmentfinder.com/Texas/Austin-Apartments/Forest-Park-Apartments, Forest Park, 
986, 1005, Austin, 8600 N FM 620 Austin TX 78726, https://www.apartmentfinder.com/Texas/Austin-Apartments/8600-N-Fm-620-Apartments-xhvhegp, 8600 N FM 620, 
987, 813, Austin, 9500 Dessau Rd Austin TX 78754, https://www.apartmentfinder.com/Texas/Austin-Apartments/9500-Apartments-kyfg37b, 9500, 
988, 1002, Round Rock, 2501 Louis Henna Blvd Round Rock TX 78664, https://www.apartmentfinder.com/Texas/Round-Rock-Apartments/Montelena-Apartments, Montelena, 
989, 919, Austin, 8712 Old Manor Rd Austin TX 78724, https://www.apartmentfinder.com/Texas/Austin-Apartments/The-Terrace-At-Walnut-Creek-Apartments-3h0g0wf, The Terrace at Walnut Creek, 
989, 830, Austin, 2200 Willow Creek Dr Austin TX 78741, https://www.apartmentfinder.com/Texas/Austin-Apartments/Point-South-Apartments, Point South, 
989, 787, Austin, 9329 Northgate Blvd Austin TX 78758, https://www.apartmentfinder.com/Texas/Austin-Apartments/9329-Northgate-Blvd-Apartments-rs2m1q2, 9329 Northgate Blvd, 
989, 895, Cedar Park, 1600 S Lakeline Blvd Cedar Park TX 78613, https://www.apartmentfinder.com/Texas/Cedar-Park-Apartments/Red-Stone-Ranch-Apartments, Red Stone Ranch, 
990, 1084, Austin, 3201 Century Park Blvd Austin TX 78727, https://www.apartmentfinder.com/Texas/Austin-Apartments/Madison-At-Wells-Branch-Apartments, Madison at Wells Branch, 
990, 956, Austin, 12148 Jollyville Rd Austin TX 78759, https://www.apartmentfinder.com/Texas/Austin-Apartments/Shadow-Oaks-Apartments, Shadow Oaks, 
992, 1150, Austin, 8220 Research Blvd Austin TX 78758, https://www.apartmentfinder.com/Texas/Austin-Apartments/8220-Research-Blvd-Apartments-77pr7jw, 8220 Research Blvd, 
994, 959, Elgin, 13817 County Line Rd Elgin TX 78621, https://www.apartmentfinder.com/Texas/Elgin-Apartments/Crescent-Village-Apartments, Crescent Village Apartments, 
995, 824, Austin, 1044 Camino La Costa Austin TX 78752, https://www.apartmentfinder.com/Texas/Austin-Apartments/Mackenzie-Pointe-Apartments, Mackenzie Pointe Apartments, 
995, 975, Austin, 1114 Camino La Costa Austin TX 78752, https://www.apartmentfinder.com/Texas/Austin-Apartments/Magnolia-Court-Apartments, Magnolia Court, 
995, 900, Austin, 13005 Heinemann Dr Austin TX 78727, https://www.apartmentfinder.com/Texas/Austin-Apartments/Melrose-Trail-Apartments-y36nc3v, Melrose Trail Apartments, 
995, 845, Austin, 11441 N IH 35 Austin TX 78753, https://www.apartmentfinder.com/Texas/Austin-Apartments/Cricket-Hollow-Apartments, Cricket Hollow Apartments, 
995, 850, Round Rock, 1801 E Palm Valley Blvd Round Rock TX 78664, https://www.apartmentfinder.com/Texas/Round-Rock-Apartments/Rocking-Horse-Ranch-Apartments, Rocking Horse Ranch, 
995, 904, Austin, 1710-1720 Woodward St Austin TX 78741, https://www.apartmentfinder.com/Texas/Austin-Apartments/Polaris-On-The-Park-Apartments, Polaris on the Park, 
995, 725, Austin, 600 E 53rd St Austin TX 78751, https://www.apartmentfinder.com/Texas/Austin-Apartments/District-53-Apartments, District 53, 
995, 825, Austin, 125 Woodward St Austin TX 78704, https://www.apartmentfinder.com/Texas/Austin-Apartments/St-Edwards-Place-Apartments-69f7fjr, St. Edward&#39;s Place Apartments, 
995, 1036, Austin, 600 Barwood Park Austin TX 78753, https://www.apartmentfinder.com/Texas/Austin-Apartments/Remington-House-Apartments, Remington House Apartments, 
995, 758, Austin, 2414 Ventura Dr Austin TX 78741, https://www.apartmentfinder.com/Texas/Austin-Apartments/Burl-Apartments, Burl Apartments, 
995, 968, Round Rock, 2750 Sunrise Rd Round Rock TX 78665, https://www.apartmentfinder.com/Texas/Round-Rock-Apartments/Waters-At-Sunrise-Apartments-v2xtt3f, Waters at Sunrise, 
995, 850, Austin, 1611 Payton Gin Rd Austin TX 78758, https://www.apartmentfinder.com/Texas/Austin-Apartments/Peyton-Place-Apartments, Peyton Place Apartments, 
995, 950, Austin, 4210 Red River St Austin TX 78751, https://www.apartmentfinder.com/Texas/Austin-Apartments/Century-Plaza-Apartments, Century Plaza, 
995, 800, Austin, 2301 Ohlen Rd Austin TX 78757, https://www.apartmentfinder.com/Texas/Austin-Apartments/The-Oasis-Apartments-g4wn01z, The Oasis, 
995, 886, Round Rock, 600 Greenhill Dr Round Rock TX 78665, https://www.apartmentfinder.com/Texas/Round-Rock-Apartments/Crystal-Creek-Apartments, Crystal Creek Apartments, 
995, , Austin, 3460 Willowrun Dr Austin TX 78704, https://www.apartmentfinder.com/Texas/Austin-Apartments/3460-Willowrun-Dr-Apartments-3zzk27g, 3460 Willowrun Dr, 
995, 900, Austin, 8909 Parkfield Dr Austin TX 78758, https://www.apartmentfinder.com/Texas/Austin-Apartments/8909-Parkfield-Dr-Apartments-m48b73l, 8909 Parkfield Dr, 
995, 900, Austin, 2406 Mission Hill Dr Austin TX 78741, https://www.apartmentfinder.com/Texas/Austin-Apartments/2406-Mission-Hill-Dr-Apartments-t02ry9b, 2406 Mission Hill Dr, 
995, 800, Austin, 11519 Pecan Creek Pky Austin TX 78750, https://www.apartmentfinder.com/Texas/Austin-Apartments/11519-Pecan-Creek-Pky-Apartments-9b4nds5, 11519 Pecan Creek Pky, 
995, , Austin, 11519 Pecan Creek Pky Austin TX 78750, https://www.apartmentfinder.com/Texas/Austin-Apartments/11519-Pecan-Creek-Pky-Apartments-y8fkgfv, 11519 Pecan Creek Pky, 
995, 800, Austin, 11519 Pecan Creek Pky Austin TX 78750, https://www.apartmentfinder.com/Texas/Austin-Apartments/11519-Pecan-Creek-Pky-Apartments-74tr4sx, 11519 Pecan Creek Pky, 
995, 950, Austin, 12166 Metric Blvd Austin TX 78758, https://www.apartmentfinder.com/Texas/Austin-Apartments/12166-Metric-Blvd-Apartments-9wskss5, 12166 Metric Blvd, 
995, 900, Austin, 12166 Metric Blvd Austin TX 78758, https://www.apartmentfinder.com/Texas/Austin-Apartments/12166-Metric-Blvd-Apartments-f91kbvt, 12166 Metric Blvd, 
995, , Austin, 2706 Cole St Austin TX 78705, https://www.apartmentfinder.com/Texas/Austin-Apartments/2706-Cole-St-Apartments-74sfgzx, 2706 Cole St, 
999, 1000, Austin, 3101 Shoreline Dr Austin TX 78728, https://www.apartmentfinder.com/Texas/Austin-Apartments/Hunt-Club-Austin-Apartments, Hunt Club Austin, 
999, 804, Austin, 7905 San Felipe Blvd Austin TX 78729, https://www.apartmentfinder.com/Texas/Austin-Apartments/Summer-Grove-Apartments, Summer Grove, 
999, 871, Austin, 2201 Willow Creek Dr Austin TX 78741, https://www.apartmentfinder.com/Texas/Austin-Apartments/Forest-Hills-Apartments, Forest Hills, 
1000, 1130, Austin, 10301 Farm-to-Market Rd 2222 Rd 2222 Austin TX 78730, https://www.apartmentfinder.com/Texas/Austin-Apartments/Ravina-Apartment-Homes-Apartments-gb6mrry, Ravina Apartment Homes, 
1000, 850, Austin, 2317 S Pleasant Valley Rd Austin TX 78741, https://www.apartmentfinder.com/Texas/Austin-Apartments/Trio-Apartments, Trio, 
1000, 935, Georgetown, 805 Quail Valley Dr Georgetown TX 78626, https://www.apartmentfinder.com/Texas/Georgetown-Apartments/Georgetown-Place-Apartments, Georgetown Place Apartments, 
1000, 950, Austin, 901 E 40th St Austin TX 78751, https://www.apartmentfinder.com/Texas/Austin-Apartments/The-Granada-III-Apartments, The Granada III, 
1000, 974, Austin, 12403 Mellow Meadow Dr Austin TX 78750, https://www.apartmentfinder.com/Texas/Austin-Apartments/Westwood-Apartments, Westwood Apartments, 
1000, 925, Austin, 5700 Cameron Rd Austin TX 78723, https://www.apartmentfinder.com/Texas/Austin-Apartments/Cameron-Greens-Apartments, Cameron Greens, 
1000, 795, Austin, 3212 Red River St Austin TX 78705, https://www.apartmentfinder.com/Texas/Austin-Apartments/Casa-Del-Rio-Apartments, Casa Del Rio, 
1000, 946, Austin, 5800 Wellington Dr Austin TX 78723, https://www.apartmentfinder.com/Texas/Austin-Apartments/Mueller-Place-Apartments, Mueller Place, 
1000, 925, Austin, 901 E 40th St Austin TX 78751, https://www.apartmentfinder.com/Texas/Austin-Apartments/901-E-40th-St-Apartments-4j4vwvk, 901 E 40th St, 
1000, 1000, Austin, 8810 Schick Rd Austin TX 78729, https://www.apartmentfinder.com/Texas/Austin-Apartments/8810-Schick-Rd-Apartments-qem8nby, 8810 Schick Rd, 
1000, 738, Austin, 3302 Vintage Hills Cove Austin TX 78723, https://www.apartmentfinder.com/Texas/Austin-Apartments/3302-Vintage-Hills-Cove-Apartments-c0znsfe, 3302 Vintage Hills Cove, 
1000, 738, Austin, 3302 Vintage Hills Cv Austin TX 78723, https://www.apartmentfinder.com/Texas/Austin-Apartments/3302-Vintage-Hills-Cv-Apartments-gplb9xx, 3302 Vintage Hills Cv, 
1002, 955, Austin, 9301 Spectrum Dr Austin TX 78717, https://www.apartmentfinder.com/Texas/Austin-Apartments/Ventana-Oaks-Luxury-Apartment-Homes-Apartments, Ventana Oaks Luxury Apartment Homes, 
1003, 851, Austin, 12007 N Lamar Blvd Austin TX 78753, https://www.apartmentfinder.com/Texas/Austin-Apartments/On-The-Green-Apartments, On The Green, 
1005, 742, Austin, 3517 N Hills Dr Austin TX 78731, https://www.apartmentfinder.com/Texas/Austin-Apartments/Oak-Ridge-Apartments, Oak Ridge Apartments, 
1006, 850, Austin, 3209 S IH 35 Austin TX 78741, https://www.apartmentfinder.com/Texas/Austin-Apartments/Mission-Grace-Woods-Apartments, Mission Grace Woods, 
1006, 1032, Cedar Park, 1700 Bagdad Rd Cedar Park TX 78613, https://www.apartmentfinder.com/Texas/Cedar-Park-Apartments/Tuckaway-Apartment-Homes-Apartments-q4e86fw, Tuckaway Apartment Homes, 
1008, 1008, Pflugerville, 19600 Heatherwilde Blvd Pflugerville TX 78660, https://www.apartmentfinder.com/Texas/Pflugerville-Apartments/Westchester-Woods-Apartments, Westchester Woods Apartments, 
1009, 969, Austin, 714 W 22nd St Austin TX 78705, https://www.apartmentfinder.com/Texas/Austin-Apartments/Grayson-House-Apartments, Grayson House, 
1010, 969, Austin, 10926 Jollyville Rd Austin TX 78759, https://www.apartmentfinder.com/Texas/Austin-Apartments/Village-Oaks-Apartments, Village Oaks, 
1011, 1089, Austin, 7655 N Ranch Road 620 Austin TX 78726, https://www.apartmentfinder.com/Texas/Austin-Apartments/Tintara-At-Canyon-Creek-Apartments, Tintara at Canyon Creek, 
1011, 985, Leander, 1350 Sonny Dr Leander TX 78641, https://www.apartmentfinder.com/Texas/Leander-Apartments/Merritt-Legacy-Apartments, Merritt Legacy, 
1013, 957, Austin, 7000 E Ben White Blvd Austin TX 78741, https://www.apartmentfinder.com/Texas/Austin-Apartments/The-Villages-At-Ben-White-55-Apartments-qwyj16x, The Villages at Ben White 55+, 
1014, 1034, Round Rock, 901 Hidden Valley Dr Round Rock TX 78665, https://www.apartmentfinder.com/Texas/Round-Rock-Apartments/Las-Brisas-Luxury-Apartment-Homes-Apartments, Las Brisas Luxury Apartment Homes, 
1015, 969, Austin, 12433 Dessau Rd Austin TX 78754, https://www.apartmentfinder.com/Texas/Austin-Apartments/Harris-Branch-Seniors-62-Better-Apartments-vvxemee, Harris Branch Seniors 62 &amp; Better, 
1015, 1057, Austin, 10015 Lake Creek Pky Austin TX 78729, https://www.apartmentfinder.com/Texas/Austin-Apartments/Legends-At-Lake-Creek-Apartments-242f1qb, Legends at Lake Creek, 
1019, 947, Cedar Park, 350 Cypress Creek Rd Cedar Park TX 78613, https://www.apartmentfinder.com/Texas/Cedar-Park-Apartments/Regal-Parc-Apartments-sx49gq4, Regal Parc, 
1019, 1100, Austin, 15433 FM 1325 Austin TX 78728, https://www.apartmentfinder.com/Texas/Austin-Apartments/The-Waters-At-Willow-Run-Apartments, The Waters at Willow Run, 
1020, 960, Austin, 7227 Hwy 290 E Austin TX 78723, https://www.apartmentfinder.com/Texas/Austin-Apartments/Penbrook-Club-Apartments, Penbrook Club, 
1020, 768, Round Rock, 2001 Magnolia Dr Round Rock TX 78664, https://www.apartmentfinder.com/Texas/Round-Rock-Apartments/2001-Magnolia-Dr-Apartments-m24g2eh, 2001 Magnolia Dr, 
1020, 980, Austin, 8001 Hwy 71 W Austin TX 78736, https://www.apartmentfinder.com/Texas/Austin-Apartments/Settlers-Creek-Apartments, Settlers Creek, 
1022, 860, Austin, 1911-1911 Willow Creek Dr Austin TX 78741, https://www.apartmentfinder.com/Texas/Austin-Apartments/Avesta-Altura-Apartments-ffm07ws, Avesta Altura, 
1023, 1163, Round Rock, 2800 La Frontera Blvd Round Rock TX 78681, https://www.apartmentfinder.com/Texas/Round-Rock-Apartments/Enclave-At-La-Frontera-Apartments, Enclave at La Frontera, 
1025, 902, Austin, 5605 Springdale Rd Austin TX 78723, https://www.apartmentfinder.com/Texas/Austin-Apartments/The-Reserve-At-Springdale-Apartments-lpjl5rf, The Reserve at Springdale, 
1025, 912, Austin, 12113 Metric Blvd Austin TX 78758, https://www.apartmentfinder.com/Texas/Austin-Apartments/Madison-At-Walnut-Creek-Apartments, Madison at Walnut Creek, 
1025, 1015, Austin, 11015 Four Points Dr Austin TX 78726, https://www.apartmentfinder.com/Texas/Austin-Apartments/Cardinal-Point-Apartments-9hxvsv6, Cardinal Point Apartments, 
1025, 730, Austin, 6309 Burns St Austin TX 78752, https://www.apartmentfinder.com/Texas/Austin-Apartments/Lamar-Place-Apartments-j4bkxy6, Lamar Place, 
1025, 810, Austin, 4411 Airport Blvd Austin TX 78722, https://www.apartmentfinder.com/Texas/Austin-Apartments/Wilshire-West-Apartments, Wilshire West, 
1025, 732, Austin, 702 Lamar Pl Austin TX 78752, https://www.apartmentfinder.com/Texas/Austin-Apartments/Austin-Lamar-Place-Apartments, Austin @ Lamar Place, 
1025, 830, Austin, 1711 Rutland Dr Austin TX 78758, https://www.apartmentfinder.com/Texas/Austin-Apartments/Villas-Del-Sol-Apartments, Villas Del Sol, 
1025, , Austin, 4021 Steck Ave Austin TX 78759, https://www.apartmentfinder.com/Texas/Austin-Apartments/4021-Steck-Ave-Apartments-6t4r9vv, 4021 Steck Ave, 
1025, , Austin, 8605 Shoal Creek Blvd Austin TX 78757, https://www.apartmentfinder.com/Texas/Austin-Apartments/8605-Shoal-Creek-Blvd-Apartments-wwks1tl, 8605 Shoal Creek Blvd, 
1025, 900, Austin, 3417 Willowrun Dr Austin TX 78704, https://www.apartmentfinder.com/Texas/Austin-Apartments/3417-Willowrun-Dr-Apartments-vg2m93d, 3417 Willowrun Dr, 
1025, 900, Cedar Park, 900 Discovery Blvd Cedar Park TX 78613, https://www.apartmentfinder.com/Texas/Cedar-Park-Apartments/Arboleda-Apartment-Homes-Apartments-62ywdts, Arboleda Apartment Homes, 
1026, 948, Austin, 3111 Parker Ln Austin TX 78741, https://www.apartmentfinder.com/Texas/Austin-Apartments/Montecito-Apartments, Montecito, 
1026, 866, Austin, 14000 Renaissance Ct Austin TX 78728, https://www.apartmentfinder.com/Texas/Austin-Apartments/The-Lakes-At-Renaissance-Park-Apartments, The Lakes at Renaissance Park, 
1027, 972, Austin, 2250 Ridgepoint Dr Austin TX 78754, https://www.apartmentfinder.com/Texas/Austin-Apartments/Promontory-Point-Apartments, Promontory Point Apartments, 
1028, 950, Round Rock, 1111 S Creek Dr Round Rock TX 78664, https://www.apartmentfinder.com/Texas/Round-Rock-Apartments/Colonial-Village-At-Sierra-Vista-Apartments, Colonial Village at Sierra Vista, 
1029, 932, Austin, 11908 Anderson Mill Rd Austin TX 78726, https://www.apartmentfinder.com/Texas/Austin-Apartments/Bridge-At-Volente-Apartments-p6n1zkv, Bridge at Volente, 
1029, 886, Austin, 600 W 26th St Austin TX 78705, https://www.apartmentfinder.com/Texas/Austin-Apartments/26-West-Apartments, 26 West, 
1030, 846, Austin, 7607 Blessing Ave Austin TX 78752, https://www.apartmentfinder.com/Texas/Austin-Apartments/Vue-Apartments, Vue, 
1030, 836, Austin, 2707 Rio Grande St Austin TX 78705, https://www.apartmentfinder.com/Texas/Austin-Apartments/Cameron-House-Apartments, Cameron House, 
1034, 820, Austin, 702 W 25th St Austin TX 78705, https://www.apartmentfinder.com/Texas/Austin-Apartments/The-Block-On-25th-East-Apartments-pt1mpts, The Block on 25th - East, 
1034, , Austin, 4821 E Riverside Dr Austin TX 78741, https://www.apartmentfinder.com/Texas/Austin-Apartments/4821-E-Riverside-Dr-Apartments-p4ke8dr, 4821 E Riverside Dr, 
1035, 1076, Austin, 13401 Metric Blvd Austin TX 78727, https://www.apartmentfinder.com/Texas/Austin-Apartments/Madison-At-Scofield-Farms-Apartments, Madison at Scofield Farms, 
1035, 836, Austin, 709 W 22nd St Austin TX 78705, https://www.apartmentfinder.com/Texas/Austin-Apartments/The-Sterling-House-Apartments, The Sterling House, 
1038, 1061, Austin, 9501 N FM 620 Austin TX 78726, https://www.apartmentfinder.com/Texas/Austin-Apartments/Colonial-Grand-At-Canyon-Creek-Apartments, Colonial Grand at Canyon Creek, 
1039, 850, Round Rock, 1200 S Mays St Round Rock TX 78664, https://www.apartmentfinder.com/Texas/Round-Rock-Apartments/Derby-Park-Apartments-g2w144x, Derby Park, 
1040, 985, Austin, 1016 Camino La Costa Austin TX 78752, https://www.apartmentfinder.com/Texas/Austin-Apartments/Villas-Of-La-Costa-Apartments, Villas of La Costa Apartments, 
1040, 960, Austin, 1500 Royal Crest Dr Austin TX 78741, https://www.apartmentfinder.com/Texas/Austin-Apartments/The-Element-Austin-Apartments, The Element Austin, 
1041, 976, Austin, 1034 Clayton Ln Austin TX 78723, https://www.apartmentfinder.com/Texas/Austin-Apartments/The-Timbers-Apartments, The Timbers, 
1043, 956, Austin, 12330 Metric Blvd Austin TX 78758, https://www.apartmentfinder.com/Texas/Austin-Apartments/Enclave-At-Waters-Edge-Apartment-Homes-Apartments-05zg401, Enclave at Waters Edge Apartment Homes, 
1044, 1002, Austin, 2000 Cedar Bend Dr Austin TX 78758, https://www.apartmentfinder.com/Texas/Austin-Apartments/Walnut-Creek-Crossing-Apartments, Walnut Creek Crossing, 
1045, 1189, Austin, 9900 McNeil Dr Austin TX 78750, https://www.apartmentfinder.com/Texas/Austin-Apartments/Hyde-Park-At-Ribelin-Ranch-Apartments, Hyde Park at Ribelin Ranch, 
1045, 875, Austin, 1735 Rutland Dr Austin TX 78758, https://www.apartmentfinder.com/Texas/Austin-Apartments/Vida-Apartments-f1qlqgv, Vida, 
1048, 932, Austin, 4501 E Riverside Dr Austin TX 78741, https://www.apartmentfinder.com/Texas/Austin-Apartments/Country-Club-Creek-Apartments, Country Club Creek, 
1048, 875, Austin, 5800 Techni Center Dr Austin TX 78721, https://www.apartmentfinder.com/Texas/Austin-Apartments/Fort-Branch-At-Trumans-Landing-Apartments, Fort Branch at Truman&#39;s Landing Apartments, 
1048, 848, Austin, 7000 Decker Ln Austin TX 78724, https://www.apartmentfinder.com/Texas/Austin-Apartments/Huntington-Meadows-Apartments, Huntington Meadows, 
1049, 1086, Hutto, 150 Klattenhoff Ln Hutto TX 78634, https://www.apartmentfinder.com/Texas/Hutto-Apartments/The-Fairways-At-Star-Ranch-Apartments, The Fairways at Star Ranch, 
